/*
 * ==================================================================
 *
 * SQL DDL and Loading Data
 *
 * ==================================================================
 * */

-- CREATE TABLE: set up the database

DROP TABLE meeting_joins;
DROP TABLE contain_task;
DROP TABLE schedule_record;
DROP TABLE meeting_record;
DROP TABLE group_chat;
DROP TABLE group_admin;
DROP TABLE group_joins;
DROP TABLE group_creates;
DROP TABLE share_post;
DROP TABLE media;
DROP TABLE group_record;
DROP TABLE individual_chat;
DROP TABLE time_zone;
DROP TABLE user_info;

CREATE TABLE user_info (
    user_id varchar2(10),
    password varchar2(10) NOT NULL,
    name varchar2(20) NOT NULL,
    city varchar2(20),
    email varchar2(100),
    PRIMARY KEY (user_id));

CREATE TABLE time_zone (
        city varchar2(20),
        time_zone varchar2(5) NOT NULL,
        PRIMARY KEY (city));

CREATE TABLE individual_chat (
    time TIMESTAMP,
    sender varchar2(10),
    receiver varchar2(10),
    content varchar2(100),
    PRIMARY KEY (sender, receiver, time),
    FOREIGN KEY (sender) REFERENCES user_info ON DELETE CASCADE,
    FOREIGN KEY (receiver) REFERENCES user_info ON DELETE CASCADE);

CREATE TABLE media (
    media_type varchar2(20),
    url varchar2(1000),
    PRIMARY KEY (url));

CREATE TABLE share_post (
    post_id varchar2(10),
    time TIMESTAMP,
    user_id varchar2(10) NOT NULL,
    content varchar2(100),
    media_url varchar2(10),
    PRIMARY KEY (post_id),
    FOREIGN KEY (user_id) REFERENCES user_info ON DELETE CASCADE,
    FOREIGN KEY (media_url) REFERENCES media);

CREATE TABLE group_record (
    group_id varchar2(10),
    group_name varchar2(30),
    PRIMARY KEY (group_id));

CREATE TABLE group_creates (
    create_time TIMESTAMP,
    user_id varchar2(10),
    group_id varchar2(10),
    PRIMARY KEY (user_id, group_id),
    FOREIGN KEY (user_id) REFERENCES user_info,
    FOREIGN KEY (group_id) REFERENCES group_record ON DELETE CASCADE);

CREATE TABLE group_admin (
    user_id varchar2(10),
    group_id varchar2(10),
    PRIMARY KEY (user_id, group_id),
    FOREIGN KEY (user_id) REFERENCES user_info ON DELETE CASCADE,
    FOREIGN KEY (group_id) REFERENCES group_record ON DELETE CASCADE);

CREATE TABLE group_joins (
    join_time TIMESTAMP,
    user_id varchar2(10),
    group_id varchar2(10),
    nickname varchar2(20),
    PRIMARY KEY (user_id, group_id),
    FOREIGN KEY (user_id) REFERENCES user_info ON DELETE CASCADE,
    FOREIGN KEY (group_id) REFERENCES group_record ON DELETE CASCADE);

CREATE TABLE group_chat (
    time TIMESTAMP,
    user_id varchar2(10),
    content varchar2(100),
    group_id varchar2(10),
    PRIMARY KEY (user_id, group_id, time),
    FOREIGN KEY (user_id) REFERENCES user_info ON DELETE CASCADE,
    FOREIGN KEY (group_id) REFERENCES group_record ON DELETE CASCADE);

CREATE TABLE meeting_record (
    meeting_id varchar2(10),
    attendance INTEGER,
    topic varchar2(50),
    start_time TIMESTAMP,
    end_time TIMESTAMP,
    group_id varchar2(10) NOT NULL,
    PRIMARY KEY (meeting_id),
    FOREIGN KEY (group_id) REFERENCES group_record ON DELETE CASCADE);

CREATE TABLE meeting_joins (
    meeting_id varchar2(10),
    user_id varchar2(10),
    PRIMARY KEY (meeting_id, user_id),
    FOREIGN KEY (user_id) REFERENCES user_info ON DELETE CASCADE),
    FOREIGN KEY (meeting_id) REFERENCES group_record ON DELETE CASCADE);

CREATE TABLE schedule_record (
    schedule_id varchar2(10),
    schedule_time TIMESTAMP,
    event varchar2(50),
    user_id varchar2(10),
    PRIMARY KEY (schedule_id),
    FOREIGN KEY (user_id) REFERENCES user_info ON DELETE CASCADE);

CREATE TABLE contain_task (
    task_name varchar2(50),
    priority INTEGER,
    status INTEGER,
    schedule_id varchar2(20),
    PRIMARY KEY (schedule_id, task_name),
    FOREIGN KEY (schedule_id) REFERENCES schedule_record ON DELETE CASCADE);


-- INSERT: load pre-set data
INSERT INTO user_info VALUES ('0000','0','Admin','Toronto', 'admin@gmail.com');
INSERT INTO user_info VALUES ('0001','1','Gelila Zhang','London', 'gelilaz@gmail.com');
INSERT INTO user_info VALUES ('0002','2','Kerry Yang','Vancouver', 'kerryy@gmail.com');
INSERT INTO user_info VALUES ('0003','3','Dora Ni','Beijing', 'doran@gmail.com');
INSERT INTO user_info VALUES ('0004','4','John Doe ','New York', 'johnd@gmail.com');
INSERT INTO user_info VALUES ('0005','5','Jane Doe','Toronto', 'janed@gmail');

INSERT INTO time_zone VALUES ('Vancouver','GMT-8');
INSERT INTO time_zone VALUES ('Toronto', 'GMT-5');
INSERT INTO time_zone VALUES ('Beijing', 'GMT+8');
INSERT INTO time_zone VALUES ('London', 'GMT+1');
INSERT INTO time_zone VALUES ('Seattle', 'UTC-7');
INSERT INTO time_zone VALUES ('Tokyo', 'UTC+9');
INSERT INTO time_zone VALUES ('New York', 'UTC-5');

INSERT INTO individual_chat VALUES ('2020-11-17 11:23:08', '0001', '0002', 'Hello!');
INSERT INTO individual_chat VALUES ('2020-11-17 11:24:12', '0002', '0001', 'Hello! I am karry');
INSERT INTO individual_chat VALUES ('2020-11-17 11:23:10', '0003', '0001', 'Hello! I am dora');
INSERT INTO individual_chat VALUES ('2020-11-17 11:31:48', '0001', '0003', 'Hi!');
INSERT INTO individual_chat VALUES ('2020-11-17 21:23:08', '0002', '0003', 'Nice to see you');
INSERT INTO individual_chat VALUES ('2020-11-18 11:23:08', '0003', '0002', 'Any recommended sushi?');

INSERT INTO media VALUES ('Image ', 'https://i.imgur.com/QwEq1g2.jpg');
INSERT INTO media VALUES ('Music ', 'https://music.163.com/#/song?id=1405903472');
INSERT INTO media VALUES ('Video ', 'https://www.youtube.com/watch?v=BoZ0Zwab6Oc');
INSERT INTO media VALUES ('Image ', 'https://i.imgur.com/veHL0mf.jpg');
INSERT INTO media VALUES ('Video ', 'https://www.youtube.com/watch?v=HXV3zeQKqGY');

INSERT INTO share_post VALUES ('P1', '2020-11-17 12:00:00', '0003', 'My first post!!', null);
INSERT INTO share_post VALUES ('P2', '2020-11-17 12:30:00', '0002', 'Hello everyone', null);
INSERT INTO share_post VALUES ('P3', '2020-11-17 19:40:06', '0001', 'Hello! This is Gelila', 'https://music.163.com/#/song?id=1405903472');
INSERT INTO share_post VALUES ('P4', '2020-11-18 11:09:25', '0002', 'Favourite sushi', 'https://i.imgur.com/QwEq1g2.jpg');
INSERT INTO share_post VALUES ('P5', '2020-11-18 18:05:20', '0005', 'Long time no see, Vancouver', 'https://i.imgur.com/veHL0mf.jpg');

INSERT INTO group_record VALUES('G1','CPSC 304');
INSERT INTO group_record VALUES('G2','Project Team 1');
INSERT INTO group_record VALUES('G3','Project Team 2');

INSERT INTO group_creates VALUES('2020-11-17 11:00:00','0000','G1');
INSERT INTO group_creates VALUES('2020-11-17 12:00:00','0001','G2');
INSERT INTO group_creates VALUES('2020-11-18 12:01:00','0004','G3');

INSERT INTO group_admin VALUES('0000','G1');
INSERT INTO group_admin VALUES('0001','G2');
INSERT INTO group_admin VALUES('0004','G3');

INSERT INTO group_joins VALUES('2020-11-17 11:00:00','0000','G1', null);
INSERT INTO group_joins VALUES('2020-11-17 11:00:01','0001','G1', null);
INSERT INTO group_joins VALUES('2020-11-17 11:00:02','0002','G1', null);
INSERT INTO group_joins VALUES('2020-11-17 11:00:03','0003','G1', null);
INSERT INTO group_joins VALUES('2020-11-17 11:00:04','0004','G1', null);
INSERT INTO group_joins VALUES('2020-11-17 11:00:05','0005','G1', null);
INSERT INTO group_joins VALUES('2020-11-17 12:00:00','0001','G2', null);
INSERT INTO group_joins VALUES('2020-11-17 12:00:01','0002','G2', 'Frozen Cloud');
INSERT INTO group_joins VALUES('2020-11-17 12:00:02','0003','G2', 'Doooora');
INSERT INTO group_joins VALUES('2020-11-18 12:01:00','0004','G3', '7k+');
INSERT INTO group_joins VALUES('2020-11-18 12:01:01','0005','G3', 'magge');

INSERT INTO groupchat_record VALUES('2020-11-17 11:01:30', '0000', 'Welcome to CPSC 304. Please create your own project team.', 'G1');
INSERT INTO groupchat_record VALUES('2020-11-17 12:01:30', '0001', 'Hello folks!', 'G2');
INSERT INTO groupchat_record VALUES('2020-11-17 12:02:00', '0002', 'Nice to see you guys! This is Karry.', 'G2');
INSERT INTO groupchat_record VALUES('2020-11-17 12:03:00', '0003', 'Hi, I am Dora!', 'G2');
INSERT INTO groupchat_record VALUES('2020-11-18 12:01:30', '0004', 'This is our project group', 'G3');
INSERT INTO groupchat_record VALUES('2020-11-18 12:02:00', '0005', 'Thanks for doing this!', 'G3');

INSERT INTO meeting_record VALUES('M1', 6, 'Welcome Ceremony', '2020-11-17 18:00:00', '2020-11-17 19:00:00', 'G1');
INSERT INTO meeting_record VALUES('M2', 3, 'Team Discussion', '2020-11-17 19:03:00', '2020-11-17 20:00:00', 'G2');
INSERT INTO meeting_record VALUES('M3', 2, 'Project Meeting', '2020-11-19 12:00:00', '2020-11-19 14:00:00', 'G3');

INSERT INTO meeting_joins VALUES('M1', '0000');
INSERT INTO meeting_joins VALUES('M1', '0001');
INSERT INTO meeting_joins VALUES('M1', '0002');
INSERT INTO meeting_joins VALUES('M1', '0003');
INSERT INTO meeting_joins VALUES('M1', '0004');
INSERT INTO meeting_joins VALUES('M1', '0005');
INSERT INTO meeting_joins VALUES('M2', '0001');
INSERT INTO meeting_joins VALUES('M2', '0002');
INSERT INTO meeting_joins VALUES('M2', '0003');
INSERT INTO meeting_joins VALUES('M3', '0004');
INSERT INTO meeting_joins VALUES('M3', '0005');

INSERT INTO schedule_record VALUES('S1', '2020-11-17 19:00:00', 'Meeting', '0001');
INSERT INTO schedule_record VALUES('S2', '2020-11-23 23:59:00', 'Milestone 3', '0001');
INSERT INTO schedule_record VALUES('S3', '2020-11-23 23:59:00', 'Milestone 3', '0002');
INSERT INTO schedule_record VALUES('S4', '2020-11-23 23:59:00', 'Milestone 3', '0003');
INSERT INTO schedule_record VALUES('S5', '2020-12-01 14:40:00', 'Demo', '0001');

INSERT INTO contain_task VALUES('Implement UI', 1, 0, 'S1');
INSERT INTO contain_task VALUES('SQL list', 1, 1, 'S2');
INSERT INTO contain_task VALUES('Description', 3, 0, 'S2');
INSERT INTO contain_task VALUES('Finish Milestone 3', 1, 0, 'S3');
INSERT INTO contain_task VALUES('Prepare', 1, 0, 'S5');


/*
 * ==================================================================
 *
 * Queries
 *
 * ==================================================================
 * */

-- DELETE Operation
DELETE FROM user_info WHERE user_id = '0001'; -- 0001 could be replaced by other user_id
DELETE FROM share_post WHERE post_id = 'P1'; -- P1 could be replaced by other post_id
DELETE FROM schedule_record WHERE schedule_id = 'S1'; -- S1 could be replaced by other schedule_id
DELETE FROM contain_task WHERE schedule_id = 'S1' AND task_name = 'SQL list'; -- schedule_id and task_name could be replaced

-- UPDATE Operation
UPDATE user_info
SET password = '1111' -- 1111 could be replaced by other password input
WHERE user_id = '0001'; -- 0001 could be replaced by other user_id

UPDATE user_info
SET name = 'admin' -- admin could be replaced by other name
WHERE user_id = '0001'; -- 0001 could be replaced by other user_id

UPDATE user_info
SET city = 'Vancouver' -- Vancouver could be replaced by other city name
WHERE user_id = '0001'; -- 0001 could be replaced by other user_id

UPDATE user_info
SET email = 'email@gmail.com' -- email address could be replaced by other email
WHERE user_id = '0001'; -- 0001 could be replaced by other user_id

UPDATE group_record
SET group_name = 'Team 1' -- Team 1 could be replaced by other group_name
WHERE group_id = 'G1'; -- G1 could be replaced by other group_id

UPDATE group_joins
SET nickname = 'admin' -- admin could be replaced by other nickname
WHERE group_id = 'G1' -- G1 could be replaced by other group_id
    AND user_id = '0001'; -- 0001 could be replaced by other user_id

UPDATE meeting_record
SET attendance = '3', end_time = '2020-11-17 20:00:00' -- attendance and end_time value could be replaced
WHERE meeting_id = 'M2'; -- M2 could be replaced by other meeting_id

UPDATE contain_task
SET status = 1
WHERE schedule_id = 'S2' AND task_name = 'SQL list'; -- schedule_id and task_name could be replaced


-- Selection
SELECT *
FROM time_zone
WHERE city = 'Vancouver'; -- Vancouver could be replaced by other city name

SELECT *
FROM share_post
WHERE user_id = '0001' -- 0001 could be replaced by other user_id
ORDER BY time;

SELECT *
FROM share_post
WHERE post_id = 'P1'; -- P1 could be replaced by other post_id

SELECT *
FROM media
WHERE url = 'https://i.imgur.com/QwEq1g2.jpg'; -- the url link could be replaced

SELECT group_id
FROM group_joins
WHERE user_id = '0001'; -- 0001 could be replaced by other user_id

SELECT group_id
FROM group_admin
WHERE user_id = '0001' -- 0001 could be replaced by other user_id
    AND group_id = 'G1'; -- G1 could be replaced by other group_id

SELECT *
FROM group_joins
WHERE group_id = 'G1'; -- G1 could be replaced by other group_id

SELECT *
FROM group_chat
WHERE group_id = 'G1'; -- G1 could be replaced by other group_id

SELECT *
FROM group_admin
WHERE user_id = '0001'; -- 0001 could be replaced by other user_id

SELECT *
FROM meeting_record
WHERE meeting_id = 'M1'; -- M1 could be replaced by other meeting_id

SELECT COUNT(*) AS 'number'
FROM meeting_joins
WHERE meeting_id = 'M1'; -- M1 could be replaced by other meeting_id

SELECT *
FROM meeting_joins
WHERE user_id = '0001' -- 0001 could be replaced by other user_id
    AND meeting_id = 'M1'; -- M1 could be replaced by other meeting_id

SELECT *
FROM schedule_record
WHERE schedule_id = 'S1'; -- S1 could be replaced by other schedule_id

SELECT *
FROM schedule_record
WHERE user_id = '0001'; -- 0001 could be replaced by other user_id

SELECT *
FROM contain_task
WHERE schedule_id = 'S1' -- S1 could be replaced by other schedule_id
ORDER BY priority;

SELECT *
FROM schedule_record
WHERE user_id = '0001'
    AND schedule_time >= '2020-11-22 00:00:00' -- time could be replaced
    AND schedule_time < '2020-11-23 00:00:00';


-- Projection
SELECT city FROM time_zone;
select user_id from user_info;
select user_id, password from user_info;
SELECT group_id FROM group_record;


-- JOIN
SELECT *
FROM user_info, time_zone
WHERE user_info.city = time_zone.city;

SELECT *
FROM user_info, time_zone
WHERE user_id = '0001' -- 0001 could be replaced by other user_id
    AND user_info.city = time_zone.city;

SELECT *
FROM individual_chat, user_info
WHERE ((sender = '0001' AND receiver = '0002' -- 0001 could be replaced by other user_id
        OR (sender = '0002' AND receiver = '0001')) -- 0002 could be replaced by other user_id
    AND (sender = user_id)
ORDER BY time;

SELECT *
FROM group_record, group_creates
WHERE group_record.group_id = 'G1'; -- G1 could be replaced by other group_id

SELECT *
FROM meeting_record, group_joins
WHERE user_id = '0001' -- 0001 could be replaced by other user_id
    AND attendance = 0
    AND meeting_record.group_id = group_joins.group_id;

SELECT *
FROM meeting_record, meeting_joins
WHERE user_id = '0001' -- 0001 could be replaced by other user_id
    AND attendance > 0
    AND meeting_record.meeting_id = meeting_joins.meeting_id;


-- Aggregation with GROUP BY

-- Find the number of unfinished tasks
-- and the lowest priority level (highest emergency) of those tasks
-- that each user has today
SELECT user_id, COUNT(*) AS 'number', MIN(priority) AS 'min'
FROM schedule_record, contain_task
WHERE schedule_record.schedule_id = contain_task.schedule_id
    AND schedule_time >= '2020-11-22 00:00:00' -- time could be replaced
    AND schedule_time < '2020-11-23 00:00:00'
    AND status = 0
GROUP BY user_id;


-- Aggregation with HAVING

-- Find the group that each user has joined with the most meetings
SELECT user_id, g.group_id
FROM group_joins g, meeting_record m
WHERE g.group_id = m.group_id
GROUP BY user_id, g.group_id
HAVING COUNT(meeting_id) >= ALL (
    SELECT COUNT(meeting_id)
    FROM group_joins g2, meeting_record m2
    WHERE g2.group_id = m2.group_id
        AND g2.user_id = g.user_id
    GROUP BY g2.group_id);


-- Nested Aggregation with GROUP BY

-- Find the most active user (chats the most) in a group
WITH temp(user_id, total) AS
    (SELECT user_id, COUNT(*) AS 'total'
     FROM group_chat
     WHERE group_id = 'G1' -- G1 could be replaced by other group_id
     GROUP BY user_id)
SELECT user_id
FROM temp
WHERE total = (SELECT MAX(total) FROM temp);


-- Division

-- Find group member who has joined every meeting that group had
WITH members(user_id) AS
    (SELECT user_id FROM group_joins WHERE group_id = 'G2')
SELECT members.user_id
FROM members
WHERE NOT EXISTS(
    (SELECT mc.meeting_id
     FROM meeting_record mc
     WHERE mc.group_id = 'G2') -- G2 could be replaced by other group_number
     EXCEPT (SELECT mj.meeting_id
             FROM meeting_joins mj
             WHERE mj.user_id = members.user_id));